{
  "file": "./game-be02ea1f-2419-4f2a-b52e-2aecb0196951.json",
  "game": {
    "gameId": "be02ea1f-2419-4f2a-b52e-2aecb0196951",
    "constraints": [
      {
        "attribute": "techno_lover",
        "minCount": 650
      },
      {
        "attribute": "well_connected",
        "minCount": 450
      },
      {
        "attribute": "creative",
        "minCount": 300
      },
      {
        "attribute": "berlin_local",
        "minCount": 750
      }
    ],
    "attributeStatistics": {
      "relativeFrequencies": {
        "techno_lover": 0.6265000000000001,
        "well_connected": 0.4700000000000001,
        "creative": 0.06227,
        "berlin_local": 0.398
      },
      "correlations": {
        "techno_lover": {
          "techno_lover": 1,
          "well_connected": -0.4696169332674324,
          "creative": 0.09463317039891586,
          "berlin_local": -0.6549403815606182
        },
        "well_connected": {
          "techno_lover": -0.4696169332674324,
          "well_connected": 1,
          "creative": 0.14197259140471485,
          "berlin_local": 0.5724067808436452
        },
        "creative": {
          "techno_lover": 0.09463317039891586,
          "well_connected": 0.14197259140471485,
          "creative": 1,
          "berlin_local": 0.14446459505650772
        },
        "berlin_local": {
          "techno_lover": -0.6549403815606182,
          "well_connected": 0.5724067808436452,
          "creative": 0.14446459505650772,
          "berlin_local": 1
        }
      }
    }
  },
  "status": {
    "status": "running",
    "admittedCount": 189,
    "rejectedCount": 1951,
    "nextPerson": {
      "personIndex": 2140,
      "attributes": {
        "techno_lover": false,
        "well_connected": true,
        "creative": false,
        "berlin_local": true
      }
    }
  },
  "metrics": {
    "data": {
      "berlin_local": 580,
      "techno_lover": 474,
      "creative": 201,
      "well_connected": 275
    },
    "score": 1951,
    "total": 189
  }
}