{
  "file": "./game-cd484e6c-becd-4345-b677-74d40445a333.json",
  "game": {
    "gameId": "cd484e6c-becd-4345-b677-74d40445a333",
    "constraints": [
      {
        "attribute": "techno_lover",
        "minCount": 650
      },
      {
        "attribute": "well_connected",
        "minCount": 450
      },
      {
        "attribute": "creative",
        "minCount": 300
      },
      {
        "attribute": "berlin_local",
        "minCount": 750
      }
    ],
    "attributeStatistics": {
      "relativeFrequencies": {
        "techno_lover": 0.6265000000000001,
        "well_connected": 0.4700000000000001,
        "creative": 0.06227,
        "berlin_local": 0.398
      },
      "correlations": {
        "techno_lover": {
          "techno_lover": 1,
          "well_connected": -0.4696169332674324,
          "creative": 0.09463317039891586,
          "berlin_local": -0.6549403815606182
        },
        "well_connected": {
          "techno_lover": -0.4696169332674324,
          "well_connected": 1,
          "creative": 0.14197259140471485,
          "berlin_local": 0.5724067808436452
        },
        "creative": {
          "techno_lover": 0.09463317039891586,
          "well_connected": 0.14197259140471485,
          "creative": 1,
          "berlin_local": 0.14446459505650772
        },
        "berlin_local": {
          "techno_lover": -0.6549403815606182,
          "well_connected": 0.5724067808436452,
          "creative": 0.14446459505650772,
          "berlin_local": 1
        }
      }
    }
  },
  "status": {
    "status": "running",
    "admittedCount": 167,
    "rejectedCount": 1185,
    "nextPerson": {
      "personIndex": 1352,
      "attributes": {
        "techno_lover": true,
        "well_connected": true,
        "creative": false,
        "berlin_local": false
      }
    }
  },
  "metrics": {
    "data": {
      "berlin_local": 619,
      "techno_lover": 498,
      "creative": 206,
      "well_connected": 308
    },
    "score": 1185,
    "total": 167
  }
}