{
  "file": "./game-415c1039-e5b9-4561-94d5-05988b53ace1.json",
  "game": {
    "gameId": "415c1039-e5b9-4561-94d5-05988b53ace1",
    "constraints": [
      {
        "attribute": "techno_lover",
        "minCount": 650
      },
      {
        "attribute": "well_connected",
        "minCount": 450
      },
      {
        "attribute": "creative",
        "minCount": 300
      },
      {
        "attribute": "berlin_local",
        "minCount": 750
      }
    ],
    "attributeStatistics": {
      "relativeFrequencies": {
        "techno_lover": 0.6265000000000001,
        "well_connected": 0.4700000000000001,
        "creative": 0.06227,
        "berlin_local": 0.398
      },
      "correlations": {
        "techno_lover": {
          "techno_lover": 1,
          "well_connected": -0.4696169332674324,
          "creative": 0.09463317039891586,
          "berlin_local": -0.6549403815606182
        },
        "well_connected": {
          "techno_lover": -0.4696169332674324,
          "well_connected": 1,
          "creative": 0.14197259140471485,
          "berlin_local": 0.5724067808436452
        },
        "creative": {
          "techno_lover": 0.09463317039891586,
          "well_connected": 0.14197259140471485,
          "creative": 1,
          "berlin_local": 0.14446459505650772
        },
        "berlin_local": {
          "techno_lover": -0.6549403815606182,
          "well_connected": 0.5724067808436452,
          "creative": 0.14446459505650772,
          "berlin_local": 1
        }
      }
    }
  },
  "status": {
    "status": "running",
    "admittedCount": 871,
    "rejectedCount": 4341,
    "nextPerson": {
      "personIndex": 5212,
      "attributes": {
        "techno_lover": true,
        "well_connected": true,
        "creative": true,
        "berlin_local": false
      }
    }
  },
  "metrics": {
    "data": {
      "berlin_local": 170,
      "techno_lover": -41,
      "creative": -26,
      "well_connected": -160
    },
    "score": 4341,
    "total": 871
  }
}