{
  "model": 1.7,
  "status": "failed",
  "gameId": "1be5b74a-bc84-431f-bfa3-afebee080ed9",
  "finalScore": 8889,
  "totalAdmitted": 999,
  "totalRejected": 1973,
  "admitRate": 0.33865756776542844,
  "threshold": 1.4156460726159916
}