{
  "model": 1.9,
  "status": "failed",
  "gameId": "57280669-e7d4-4e2b-ac0d-a62935932e4c",
  "finalScore": 8532,
  "totalAdmitted": 999,
  "totalRejected": 2030,
  "admitRate": 0.26284235211062346,
  "threshold": 0.875369454659024
}