{
  "model": 3.1,
  "status": "failed",
  "gameId": "d5e71ca9-ec3e-408e-b037-4fc325fa25ea",
  "finalScore": 7879,
  "totalAdmitted": 999,
  "totalRejected": 3995,
  "admitRate": 0.4775339209368209,
  "threshold": 1.1298104649573124
}