{
  "model": 1.1,
  "status": "failed",
  "gameId": "eb379f6e-50f2-4364-8c8e-32e47b996780",
  "finalScore": 9241,
  "totalAdmitted": 999,
  "totalRejected": 3725,
  "admitRate": 0.13686718332925618,
  "threshold": 0.5156618720194812
}