{
  "model": 1.1,
  "status": "failed",
  "gameId": "e78f5038-008e-4228-9ed2-f47d6bb289ea",
  "finalScore": 4293,
  "totalAdmitted": 999,
  "totalRejected": 4167,
  "admitRate": 0.6522281088258871,
  "threshold": 1.6926424010270043
}