{
  "model": 2.2,
  "status": "failed",
  "gameId": "79c9c27b-59e9-421e-9909-8ba3ec8cf779",
  "finalScore": 6721,
  "totalAdmitted": 999,
  "totalRejected": 3821,
  "admitRate": 0.4049216809520888,
  "threshold": 1.3407455888802535
}