{
  "gameId": "7afbcbe6-06f9-4ffe-a378-1581802a0190",
  "finalScore": 3278,
  "totalAdmitted": 999,
  "totalRejected": 3278,
  "admitRate": 0.3300783943044121,
  "threshold": 7.011288194736702,
  "thresholdDebug": {
    "med": 6.723076169387163,
    "mad": 0.35687002967435966,
    "sigma": 0.5290955059952056,
    "z": 1.4757910298060772,
    "quantileEstimate": 7.503910571045595,
    "capacityBias": 0.5280373149832152,
    "rateAdjustment": 0.6258084296321005,
    "urgencyAdj": 2.99767823967686,
    "lo": 5.135789651401546,
    "hi": 8.31036268737278,
    "final": 7.011288194736702,
    "target": 0.07,
    "err": 0.23578071948643736,
    "tail": 0.9299999999999999
  }
}