{
  "model": 3,
  "status": "failed",
  "gameId": "9c5d9532-b9cd-4570-b07c-b60e5f4e0010",
  "finalScore": 7350,
  "totalAdmitted": 999,
  "totalRejected": 3487,
  "admitRate": 0.5256894053997933,
  "threshold": 1.5793556577469912
}