{
  "model": 3.4,
  "status": "failed",
  "gameId": "d36ff2c1-fc58-4d6e-946e-1e5007af3c08",
  "finalScore": 6323,
  "totalAdmitted": 999,
  "totalRejected": 3229,
  "admitRate": 0.7743868321644168,
  "threshold": 0.08001550636395435
}