{
  "model": 1.5,
  "status": "failed",
  "gameId": "d281923d-e5f8-4f77-b197-efa562316971",
  "finalScore": 9105,
  "totalAdmitted": 999,
  "totalRejected": 2327,
  "admitRate": 0.20527037172190135,
  "threshold": 0.9532982522265587
}