{
  "model": 3,
  "status": "failed",
  "gameId": "f8c55d5c-5dbf-48ea-8671-514a91d89137",
  "finalScore": 7833,
  "totalAdmitted": 999,
  "totalRejected": 4189,
  "admitRate": 0.2450255205313281,
  "threshold": 0.8812131633964797
}