{
  "model": 3.4,
  "status": "failed",
  "gameId": "e0f76473-1c4d-4cf0-b144-875e749da5af",
  "finalScore": 6346,
  "totalAdmitted": 999,
  "totalRejected": 3065,
  "admitRate": 0.5184060911516283,
  "threshold": 1.1934707446531438
}