{
  "gameId": "92e4513d-c3d8-4f3d-abea-76739386f9ac",
  "finalScore": 2443,
  "totalAdmitted": 999,
  "totalRejected": 2443,
  "admitRate": 0.21129382876955383,
  "threshold": 3.6471097765926244
}