{
  "gameId": "657a8490-0308-49bf-80f8-17568f080ef7",
  "finalScore": 4727,
  "totalAdmitted": 999,
  "totalRejected": 4727,
  "admitRate": 0.09827543791838564,
  "threshold": -0.13932330958202932,
  "thresholdDebug": {
    "med": 0.9106766904179705,
    "mad": 0.1316261298110809,
    "sigma": 0.35,
    "z": 1.4757910298060772,
    "quantileEstimate": 1.4272035508500975,
    "capacityBias": 1.2475,
    "rateAdjustment": 0.03669440994246884,
    "urgencyAdj": 2.99767823967686,
    "lo": -0.13932330958202932,
    "hi": 1.9606766904179702,
    "final": -0.13932330958202932,
    "target": 0.07,
    "err": -0.004429598012035615,
    "tail": 0.9299999999999999
  }
}