{
  "model": 3.4,
  "status": "failed",
  "gameId": "b56b873b-9ead-4a0d-bdc9-c97dbf06bed8",
  "finalScore": 5498,
  "totalAdmitted": 999,
  "totalRejected": 2800,
  "admitRate": 0.8851481066424577,
  "threshold": 0.1857031439638735
}