{
  "model": 2.3,
  "status": "failed",
  "gameId": "30f58817-8065-4fbf-99c7-b8bf1398286f",
  "finalScore": 7401,
  "totalAdmitted": 999,
  "totalRejected": 3470,
  "admitRate": 0.24892988495166762,
  "threshold": 0.5442664408005474
}