{
  "model": 2.8,
  "status": "failed",
  "gameId": "1c9ad9d3-5a42-4ef7-b63a-5808ba371b14",
  "finalScore": 7851,
  "totalAdmitted": 999,
  "totalRejected": 3606,
  "admitRate": 0.11486438015029886,
  "threshold": 0.44671521980064743
}