{
  "model": 3.2,
  "status": "failed",
  "gameId": "2ed1c9fb-65f9-4818-a5b9-8cc68f497ae2",
  "finalScore": 6211,
  "totalAdmitted": 999,
  "totalRejected": 3012,
  "admitRate": 0.503515786690555,
  "threshold": 1.6709838315718275
}