{
  "model": 2,
  "status": "failed",
  "gameId": "e267ac45-16ce-447e-bda6-e3dd8600aa33",
  "finalScore": 6726,
  "totalAdmitted": 999,
  "totalRejected": 3791,
  "admitRate": 0.4822979281617007,
  "threshold": 0.6584937702400679
}