{
  "model": 1.3,
  "status": "failed",
  "gameId": "4e7a9e28-c88c-4907-8907-b3315146589f",
  "finalScore": 6721,
  "totalAdmitted": 999,
  "totalRejected": 2684,
  "admitRate": 0.4164093384833084,
  "threshold": 0.32329031170653766
}