{
  "model": 2,
  "status": "failed",
  "gameId": "f6833509-e19f-427e-9622-abee46398e3f",
  "finalScore": 8331,
  "totalAdmitted": 999,
  "totalRejected": 2285,
  "admitRate": 0.1843099121675489,
  "threshold": 0.9181840349953725
}