{
  "gameId": "8a4f2fd5-13b4-4fbd-a8eb-91c1691249b6",
  "finalScore": 5868,
  "totalAdmitted": 999,
  "totalRejected": 5868,
  "admitRate": 0.20054347814786813,
  "threshold": 0.6012946302399858
}