{
  "model": 1.3,
  "status": "failed",
  "gameId": "57afb9b5-79e1-4bd8-8c9f-06f152dc503a",
  "finalScore": 8318,
  "totalAdmitted": 999,
  "totalRejected": 3915,
  "admitRate": 0.17009174002912936,
  "threshold": 1.4243598200556085
}