{
  "model": 1.1,
  "status": "failed",
  "gameId": "b4932502-2875-4019-91db-f9d5e6608da0",
  "finalScore": 3930,
  "totalAdmitted": 999,
  "totalRejected": 3809,
  "admitRate": 0.656550320509902,
  "threshold": 1.7075595651242272
}