{
  "model": 2.999,
  "status": "failed",
  "gameId": "d60fe85b-53ea-4364-86d5-8ef49673ee56",
  "finalScore": 7817,
  "totalAdmitted": 999,
  "totalRejected": 3474,
  "admitRate": 0.3036633863175201,
  "threshold": 0.5583063938632258
}