{
  "model": 1,
  "status": "failed",
  "gameId": "eac5538f-a18a-4a92-a372-465fa72bece2",
  "finalScore": 8127,
  "totalAdmitted": 999,
  "totalRejected": 8092,
  "admitRate": 0.6567107426129545,
  "threshold": 0.6598721875157867
}