{
  "model": 1,
  "status": "failed",
  "gameId": "cc0bb167-ecc0-4b1d-80f8-d8a5111e4be7",
  "finalScore": 11921,
  "totalAdmitted": 999,
  "totalRejected": 11768,
  "admitRate": 0.3788525262984114,
  "threshold": 0.33815927408301527
}