{
  "model": 3.4,
  "status": "failed",
  "gameId": "374399aa-08b7-445d-88d7-ab2fc04d96aa",
  "finalScore": 5649,
  "totalAdmitted": 999,
  "totalRejected": 2659,
  "admitRate": 0.9427211326005561,
  "threshold": 1.235442757966112
}