{
  "gameId": "41294ce6-5512-4d89-b641-08c977ec4387",
  "finalScore": 4046,
  "totalAdmitted": 999,
  "totalRejected": 4046,
  "admitRate": 0.1750690881200212,
  "threshold": -1.4544561615096672,
  "thresholdDebug": {
    "med": -1.6408024456514296,
    "mad": 0.35262605377662437,
    "sigma": 0.5228033873292233,
    "z": 1.5547735945187904,
    "quantileEstimate": -0.8279615439069737,
    "capacityBias": 1.0978,
    "rateAdjustment": 0.1559557534869941,
    "urgencyAdj": 2.99767823967686,
    "lo": -3.2092126076390994,
    "hi": -0.07239228366375983,
    "final": -1.4544561615096672,
    "target": 0.06,
    "err": 0.08514931411401161,
    "tail": 0.94
  }
}