{
  "model": 1.2,
  "status": "failed",
  "gameId": "cd5b0926-07bd-4b58-970a-ad43acc74fff",
  "finalScore": 9123,
  "totalAdmitted": 999,
  "totalRejected": 3353,
  "admitRate": 0.2372589661118883,
  "threshold": 0.45996685409343696
}