{
  "gameId": "bfdd7190-ed8a-48b0-99e3-31d1f43fcb90",
  "finalScore": 6308,
  "totalAdmitted": 999,
  "totalRejected": 6308,
  "admitRate": 0.8543946292534899,
  "threshold": 2.9366017978674845
}