{
  "gameId": "cbd9982b-107a-4da5-8cc6-62e62c3f479a",
  "finalScore": 1254,
  "totalAdmitted": 999,
  "totalRejected": 1254,
  "admitRate": 0.46367089467243505,
  "threshold": 7.5074454068459975,
  "thresholdDebug": {
    "med": 4.5245352240717285,
    "mad": 2.3045093636414973,
    "sigma": 3.4166655825348835,
    "z": 1.1749867917460157,
    "quantileEstimate": 8.539072155363424,
    "capacityBias": 1.0978,
    "rateAdjustment": 0.8682514911594348,
    "urgencyAdj": 2.99767823967686,
    "lo": -5.725461523532923,
    "hi": 14.77453197167638,
    "final": 7.5074454068459975,
    "target": 0.12000000000000002,
    "err": 0.3242185437020052,
    "tail": 0.88
  }
}